{
  "manifest_version": 3,
  "name": "Modal Screenshot FIXED (Ctrl+Q)",
  "version": "1.0.3",
  "description": "Press Ctrl+Q to capture - FIXED VERSION",
  
  "permissions": [
    "activeTab",
    "downloads",
    "scripting",
    "tabs"
  ],
  
  "host_permissions": [
    "<all_urls>"
  ],
  
  "background": {
    "service_worker": "background.js"
  },
  
  "commands": {
    "capture-modal": {
      "suggested_key": {
        "default": "Ctrl+Q",
        "windows": "Ctrl+Q",
        "mac": "Command+Q",
        "chromeos": "Ctrl+Q",
        "linux": "Ctrl+Q"
      },
      "description": "Capture screenshot FIXED"
    }
  }
}