{
  "manifest_version": 3,
  "name": "Modal Screenshot (Ctrl+Q)",
  "version": "1.0.1",
  "description": "Press Ctrl+Q to capture screenshot",
  
  "permissions": [
    "activeTab",
    "downloads"
  ],
  
  "background": {
    "service_worker": "background.js"
  },
  
  "content_scripts": [{
    "matches": ["<all_urls>"],
    "js": ["content.js"],
    "run_at": "document_end",
    "all_frames": false
  }],
  
  "commands": {
    "capture-modal": {
      "suggested_key": {
        "default": "Ctrl+Q",
        "mac": "Command+Q"
      },
      "description": "Capture screenshot"
    }
  }
}
